total_amount,quote_explanation,request_metadata
96,"Thank you for your large order! We have calculated the costs for 500 reams of A4 paper at $0.05 each, 300 reams of letter-sized paper at $0.06 each, and 200 reams of cardstock at $0.15 each. To reward your bulk order, we are pleased to offer a 10% discount on the total. This brings your total to a rounded and friendly price, making it easier for your budgeting needs.",{'job_type': 'event manager', 'order_size': 'large', 'event_type': 'meeting'}
60,"For your order of 10 reams of standard copy paper, 5 reams of cardstock, and 3 boxes of assorted colored paper, I have applied a friendly bulk discount to help you save on this essential supply for your upcoming meeting. The standard pricing totals to $64.00, but with the bulk order discount, I've rounded the total cost to a more budget-friendly $60.00. This way, you receive quality materials without feeling nickel and dimed.",{'job_type': 'school board resource manager', 'order_size': 'large', 'event_type': 'meeting'}
780,"Thank you for your order! For the 500 sheets of high-quality cardstock in various colors, we will provide a bulk discount, reducing the cost to $0.12 per sheet. The 200 sheets of standard printer paper will remain at $0.05 per sheet. For the 1000 full-color flyers, we'll keep the cost at $0.15 each. With these adjustments, we've rounded the total to ensure you get a great deal while keeping your festival budget in check.",{'job_type': 'event manager', 'order_size': 'small', 'event_type': 'festival'}
120,"Thank you for your order! For 1000 sheets of high-quality A4 paper, priced at $0.05 each, the total comes to $50. Additionally, 500 sheets of cardstock at $0.15 each totals $75. Considering your order size, I'm pleased to offer a slight discount. Thus, the adjusted total is rounded to $120, ensuring you get the best value for your concert materials while meeting your deadline of April 10, 2025.",{'job_type': 'restaurant manager', 'order_size': 'small', 'event_type': 'concert'}
122,"Thank you for your order! For the upcoming assembly, I've prepared a quote for 500 sheets of A4 paper, 300 sheets of colored paper, and 200 sheets of cardstock. By ordering in bulk, I've applied a discount to ensure the costs are rounded to a more agreeable total. The A4 paper and colored paper costs remain at their standard prices, while I've factored in a bulk discount on the cardstock to make the total even more appealing. This pricing approach should help us avoid feeling penny-pinched while ensuring you get the supplies you need for a successful event.",{'job_type': 'school board resource manager', 'order_size': 'large', 'event_type': 'assembly'}
50,"Thank you for your order! We are pleased to provide you with 500 sheets of A4 white paper and 300 sheets of colored paper. The standard pricing would amount to $25 for the A4 white paper and $30 for the colored paper. However, recognizing the bulk nature of your order, we've applied a special discount to make the total more appealing. Thus, we're offering these papers for a combined total of $50, which reflects a calculated discount. We will ensure that your order is delivered by April 15, 2025.",{'job_type': 'retail store manager', 'order_size': 'small', 'event_type': 'assembly'}
85,"Thank you for your order! For the high-quality A4 paper, you requested 500 sheets at $0.05 each, totaling $25. The cardstock is 300 sheets at $0.15 each, totaling $45. Lastly, the 200 sheets of colored paper at $0.10 each come to $20. Since you are ordering in bulk, I've applied a special discount bringing the total cost to a nice rounded number of $85, which simplifies your budget for the upcoming performance. The total delivery will be scheduled for April 15, 2025.",{'job_type': 'restaurant manager', 'order_size': 'small', 'event_type': 'performance'}
70,"Thank you for your order! For your medium-sized party order, I have included 500 dinner napkins, 300 paper plates, and 200 disposable cups. The regular prices would total $30 for the napkins, $30 for the plates, and $16 for the cups. However, since you're ordering these items in bulk, I'm happy to offer a special discount which brings the total cost to a rounded number of $70. This way, you save a bit while ensuring everything is covered for your upcoming event.",{'job_type': 'restaurant manager', 'order_size': 'medium', 'event_type': 'party'}
-1,Error parsing response.,{'job_type': 'law firm receptionist', 'order_size': 'small', 'event_type': 'show'}
174,"Thank you for your order! For your upcoming exhibition, we've estimated the costs for 500 sheets of A3 matte paper, 300 sheets of A4 glossy paper, and 200 sheets of A5 uncoated paper. The unit prices are $0.18 for A3 matte paper, $0.20 for A4 glossy paper, and $0.06 for A5 uncoated paper. Given the quantities you requested, we can apply a bulk discount, rounding the total to $174 to ensure you have a rounded figure for your budget. This will be delivered by April 15, 2025.",{'job_type': 'non-profit director', 'order_size': 'medium', 'event_type': 'exhibition'}
26800,"Thank you for your order! We have calculated the costs based on your request for 1000 sheets of A4 glossy paper, 500 sheets of A3 matte paper, 2000 sheets of A5 recycled paper, and 10 reams of standard copy paper. To assist you in keeping within budget for your upcoming show, we are pleased to offer a bulk discount on the A5 recycled paper due to the larger quantity ordered. This results in a more rounded overall price. Here's the breakdown: A4 glossy paper at $0.20 each, A3 matte paper at $0.18 each, A5 recycled paper at $0.07 each with the discount applied, and standard copy paper at $5.00 per ream.",{'job_type': 'business owner', 'order_size': 'medium', 'event_type': 'show'}
-1,Error parsing response.,{'job_type': 'school teacher', 'order_size': 'medium', 'event_type': 'celebration'}
600,"Thank you for your order! For 500 sheets of A4 paper, the cost is $25.00 (at $0.05 per sheet). The 200 sheets of cardstock will total $30.00 (at $0.15 per sheet). Additionally, the 100 packs of envelopes will cost $5.00 (at $0.05 per envelope). Since you are ordering a total of 800 sheets and packs, I'm happy to offer you a bulk discount, bringing the total cost to a friendly rounded number of $60.00. Your supplies will be delivered by April 15, 2025, in time for your concert!",{'job_type': 'school teacher', 'order_size': 'small', 'event_type': 'concert'}
300,"Thank you for your request! For your upcoming reception, we have calculated the costs for your required paper supplies. The total cost for 1,000 sheets of A4 printing paper, 500 sheets of glossy photo paper, 200 recyclable table covers, and 300 paper napkins comes to $327. To make your order more budget-friendly, we've applied a bulk discount that rounds the total up to an even $300, providing a more appealing figure and some savings for your event planning.",{'job_type': 'school teacher', 'order_size': 'large', 'event_type': 'reception'}
18500,"Thank you for your order of 500 sheets of colorful poster paper, 200 rolls of crepe paper, and 100 packs of glitter paper. To make your order more cost-effective, I've applied a bulk discount due to the large quantities of each item. The total cost reflects these discounts, rounding to a neat figure, ensuring you get the best value for your supplies for the parade. Your order will be delivered by April 15, 2025.",{'job_type': 'school board resource manager', 'order_size': 'small', 'event_type': 'parade'}
160,"Thank you for your order! For 500 sheets of high-quality white cardstock, we typically charge $0.15 each, bringing the subtotal to $75. For the 1000 sheets of colored printer paper at $0.10 each, the subtotal is $100. To help make your order more budget-friendly, I'm happy to apply a bulk discount, rounding the total for both items down to $160, which is a more manageable figure. We will ensure delivery by April 15, 2025.",{'job_type': 'school principal', 'order_size': 'small', 'event_type': 'ceremony'}